{
  "fixture": "fixtures/kimi_k2_tiny/config.json",
  "oracle_kind": "independent_sigmoid_noaux_tc_router",
  "seed": 121,
  "router_logits": [
    -1.5,
    -1.0,
    -0.5,
    0.0,
    0.5,
    1.0,
    1.5,
    -1.5,
    -1.0,
    -0.5,
    0.0,
    0.5,
    1.0,
    1.5,
    -1.5,
    -1.0
  ],
  "e_score_correction_bias": [
    0.0,
    0.01,
    0.02,
    0.03,
    0.04,
    0.05,
    0.06,
    0.07,
    0.08,
    0.09,
    0.1,
    0.11,
    0.12,
    0.13,
    0.14,
    0.15
  ],
  "expected_indices": [
    13,
    6,
    12,
    5,
    11,
    4,
    10,
    3
  ],
  "expected_unscaled_weights": [
    0.8175744761936437,
    0.8175744761936437,
    0.7310585786300049,
    0.7310585786300049,
    0.6224593312018546,
    0.6224593312018546,
    0.5,
    0.5
  ],
  "teacher_forcing": "32/32",
  "greedy_generation": "20/20",
  "unverified_reason": null,
  "prompt_ids": [
    3,
    14,
    159,
    26,
    53,
    58,
    200,
    11,
    77,
    240,
    5,
    99
  ],
  "full_ids": [
    3,
    14,
    159,
    26,
    53,
    58,
    200,
    11,
    77,
    240,
    5,
    99,
    10,
    182,
    201,
    10,
    182,
    201,
    62,
    191,
    87,
    204,
    146,
    191,
    87,
    204,
    146,
    121,
    70,
    8,
    138,
    85
  ],
  "tf_pred": [
    56,
    56,
    191,
    56,
    94,
    217,
    201,
    201,
    10,
    133,
    191,
    10,
    182,
    201,
    10,
    182,
    201,
    62,
    191,
    87,
    204,
    146,
    191,
    87,
    204,
    146,
    121,
    70,
    8,
    138,
    85,
    237
  ]
}
